{"cameraMode":{"drawMode":0,"name":"Shaded","section":"Shading Mode"},"sceneLighting":true,"audioPlay":false,"sceneViewState":{"m_AlwaysRefresh":true,"showFog":true,"showSkybox":true,"showFlares":true,"showImageEffects":true,"showParticleSystems":true,"showVisualEffectGraphs":true,"m_FxEnabled":true},"in2DMode":false,"pivot":{"x":262.5466003417969,"y":19.247047424316408,"z":6.126339912414551},"rotation":{"x":-0.2950335443019867,"y":0.21616055071353913,"z":-0.05983508750796318,"w":-0.9298558831214905},"size":0.39465704560279848,"orthographic":false}