{"cameraMode":{"drawMode":0,"name":"Shaded","section":"Shading Mode"},"sceneLighting":true,"audioPlay":false,"sceneViewState":{"m_AlwaysRefresh":true,"showFog":true,"showSkybox":true,"showFlares":true,"showImageEffects":true,"showParticleSystems":true,"showVisualEffectGraphs":true,"m_FxEnabled":true},"in2DMode":false,"pivot":{"x":169.261474609375,"y":-119.28485870361328,"z":-171.7207489013672},"rotation":{"x":0.08346104621887207,"y":-0.9248579144477844,"z":0.29072654247283938,"w":0.23443688452243806},"size":130.42706298828126,"orthographic":false}