{"cameraMode":{"drawMode":0,"name":"Shaded","section":"Shading Mode"},"sceneLighting":true,"audioPlay":false,"sceneViewState":{"m_AlwaysRefresh":true,"showFog":true,"showSkybox":true,"showFlares":true,"showImageEffects":true,"showParticleSystems":true,"showVisualEffectGraphs":true,"m_FxEnabled":true},"in2DMode":false,"pivot":{"x":262.2078552246094,"y":19.316879272460939,"z":5.594503879547119},"rotation":{"x":-0.2906951308250427,"y":0.32638198137283327,"z":-0.09623148292303086,"w":-0.8953953981399536},"size":2.6722919940948488,"orthographic":false}