{"cameraMode":{"drawMode":0,"name":"Shaded","section":"Shading Mode"},"sceneLighting":true,"audioPlay":false,"sceneViewState":{"m_AlwaysRefresh":true,"showFog":true,"showSkybox":true,"showFlares":true,"showImageEffects":true,"showParticleSystems":true,"showVisualEffectGraphs":true,"m_FxEnabled":true},"in2DMode":false,"pivot":{"x":492.9832458496094,"y":211.59568786621095,"z":-7.8089141845703129},"rotation":{"x":-0.06184021756052971,"y":0.005286211613565683,"z":0.008599321357905865,"w":-0.9990450739860535},"size":293.9157409667969,"orthographic":false}